ticker,exchange,sector,country,market_cap,composite_label,justificacion_tipo,spot,zona_min,zona_max,zona_centro,distancia_pct,score_soporte,n_elementos,elementos_score,confirmador_dinamico,rsi_diario,rsi_semanal,macd_estado,momentum_score,sma50w_sobre_sma200w,hv_percentile_52w,price_target_consensus,price_target_upside_pct,recommendation_mean,recommendation_buy_ratio,downgrades_6w,earnings_date,dias_a_earnings,earnings_en_45d,ex_div_date,dias_a_ex_div,ex_div_en_45d,ex_div_amount,eventos_macro_en_45d,eventos_macro_count,tiene_eventos_binarios,flags_legibles,fetched_at,universes,momentum_signals,strike_aggressive,strike_natural,strike_conservative,regime,primary_trigger,triggers,wheel_candidate,candle_signals,candle_bullish_confirmation,candle_bearish_breakdown,strike_variant,strike_anchor_kind,strike_aggressive_anchor,strike_conservative_anchor
BP.L,LSE,Energy,United Kingdom,86524420096,Uptrend: Proximidad a zona,Uptrend: Proximidad a zona,583.0,554.8780464681397,563.4591930338134,559.1686197509766,0.03351767918728396,13.5,7,FIB_618 | POLARIDAD | POLARIDAD | POLARIDAD | HVN | AVWAP_pivot_low | POLARIDAD,True,63.212987537640544,60.84018068137095,subiendo_positivo,1,True,47.22222222222222,640.1706,0.09806277873070335,2.15789,0.5789473684210527,0,,,False,,,False,,True,3,True,,2026-10-09T13:27:29.814089,stoxx600,,550.0,500.0,450.0,uptrend,zone_proximity,zone_proximity,0,bearish_momentum|body_reclaim_engulfing,1,1,F,zone_bound,zone_lower_bound,zone_lower_bound
ADI,NMS,Technology,United States,199505297408,Uptrend: Proximidad a zona,Uptrend: Proximidad a zona,405.92999267578125,376.42918736413617,386.11896028284326,381.27407382348974,0.048804061661837296,12.9,7,AVWAP_earnings | SMA50D | POLARIDAD | AVWAP_pivot_low | AVWAP_52w_high | HVN | EMA50D,True,60.26480285711228,58.65193725882094,bajando_positivo,0,True,61.50793650793651,470.71875,0.15960574112089798,1.41176,0.8823529411764706,0,,,False,,,False,,True,3,True,,2026-10-09T13:27:29.765462,nasdaq100|sp500,,370.0,365.0,340.0,uptrend,zone_proximity,zone_proximity,0,,0,0,F,zone_bound,zone_lower_bound,zone_lower_bound
EDP.LS,LIS,Utilities,Portugal,19627859968,Uptrend: Proximidad a zona,Uptrend: Proximidad a zona,4.806000232696533,4.364632484669685,4.410387647395134,4.38751006603241,0.08231638912747832,10.2,4,SMA50W | HVN | POLARIDAD | POLARIDAD,True,54.203662766772375,60.99524353259992,bajando_negativo,0,True,54.36507936507936,5.21136,0.0843445167866812,1.68182,0.7272727272727273,0,,,False,,,False,,True,3,True,,2026-10-09T13:27:29.857951,stoxx600,,4.0,3.5,3.0,uptrend,zone_proximity,zone_proximity,0,,0,0,F,zone_bound,zone_lower_bound,zone_lower_bound
AME,NYQ,Industrials,United States,58168164352,Uptrend: Proximidad a zona,Uptrend: Proximidad a zona,247.52000427246094,229.20449963200622,233.98873321310225,231.59661642255423,0.054667383749977476,9.8,5,EMA200D | POLARIDAD | SMA200D | HVN | FIB_786,True,53.17183196706113,58.841571417488275,bajando_positivo,0,True,48.80952380952381,280.27777,0.132343912258019,1.75,0.7,0,,,False,,,False,,True,3,True,,2026-10-09T13:27:29.803122,sp500,,227.5,222.5,212.5,uptrend,zone_proximity,zone_proximity,0,,0,0,F,zone_bound,zone_lower_bound,zone_lower_bound
CIEN,NYQ,Technology,United States,55272001536,Uptrend: Proximidad a zona,Uptrend: Proximidad a zona,425.92999267578125,395.1807233600998,400.2724282664871,397.7265758132935,0.06023892388537364,9.6,3,SMA200D | AVWAP_pivot_low | HVN,True,62.72927237664662,54.37565839475534,subiendo_positivo,1,True,53.17460317460318,512.9907,0.20440144817528605,1.71429,0.7619047619047619,0,,,False,,,False,,True,3,True,,2026-10-09T13:27:29.856594,sp500,,385.0,370.0,320.0,uptrend,zone_proximity,zone_proximity,0,,0,0,F,zone_bound,zone_lower_bound,zone_lower_bound
BKT.MC,MCE,Financial Services,Spain,14140985344,Uptrend: Proximidad a zona,Uptrend: Proximidad a zona,15.164999961853027,14.015904733181,14.174094847202301,14.09499979019165,0.0653415837219459,8.3,4,POLARIDAD | HVN | GAP | POLARIDAD,True,29.771678390032477,46.8915270848888,bajando_negativo,0,True,46.82539682539682,16.71045,0.10190900376092937,2.5,0.45454545454545453,0,,,False,,,False,,True,3,True,,2026-10-09T13:27:29.868334,stoxx600,,13.5,13.0,12.5,uptrend,zone_proximity,zone_proximity,0,,0,0,F,zone_bound,zone_lower_bound,zone_lower_bound
CPG.L,LSE,Consumer Cyclical,United Kingdom,52012810240,Uptrend: Proximidad a zona,Uptrend: Proximidad a zona,31.100000381469727,29.915346666465663,30.100007371843372,30.007677019154517,0.03215411567075669,8.2,2,AVWAP_pivot_low | POLARIDAD,True,58.91675784085352,55.23956114293608,subiendo_positivo,1,True,45.23809523809524,38.08421,0.2245726537897943,1.66667,0.7777777777777778,0,,,False,,,False,,True,3,True,,2026-10-09T13:27:29.859082,stoxx600,,29.0,28.0,27.0,uptrend,zone_proximity,zone_proximity,0,,0,0,F,zone_bound,zone_lower_bound,zone_lower_bound
ABNB,NMS,Consumer Cyclical,United States,97961336832,Uptrend: Proximidad a zona,Uptrend: Proximidad a zona,163.22999572753906,156.3432117068351,157.2333746229911,156.7882931649131,0.036737249656965135,8.2,2,POLARIDAD | AVWAP_pivot_low,True,48.168158336558506,55.16107246058414,subiendo_positivo,1,True,78.96825396825396,183.5641,0.12457333091157041,2.0,0.5813953488372093,0,,,False,,,False,,True,3,True,,2026-10-09T13:27:29.815812,nasdaq100|sp500,,155.0,150.0,140.0,uptrend,zone_proximity,zone_proximity,0,body_reclaim_morning_star,1,0,F,zone_bound,zone_lower_bound,zone_lower_bound
A,NYQ,Healthcare,United States,47718486016,Uptrend: Proximidad a zona,Uptrend: Proximidad a zona,168.1699981689453,159.6028677993942,160.43002071671899,160.0164442580566,0.04602472222453535,8.2,2,AVWAP_earnings | POLARIDAD,True,59.19713720246572,66.983258278938,bajando_negativo,0,True,69.84126984126983,178.0,0.05845276766417862,1.81818,0.6818181818181818,0,,,False,,,False,,True,3,True,,2026-10-09T13:27:29.764096,sp500,,157.5,152.5,142.5,uptrend,zone_proximity,zone_proximity,0,,0,0,F,zone_bound,zone_lower_bound,zone_lower_bound
CS.PA,PAR,Financial Services,France,88154923008,Uptrend: Proximidad a zona,Uptrend: Proximidad a zona,41.70000076293945,38.93092027038574,39.23098036437989,39.080950317382815,0.05920912118433069,7.5,3,POLARIDAD | POLARIDAD | HVN,True,38.2593302411503,45.73906118399607,bajando_negativo,0,True,76.98412698412699,51.93111,0.24535033692741237,1.72222,0.8333333333333334,0,,,False,,,False,,True,3,True,,2026-10-09T13:27:29.858566,stoxx600,,38.0,37.0,36.0,uptrend,zone_proximity,zone_proximity,0,,0,0,F,zone_bound,zone_lower_bound,zone_lower_bound
CFG,NYQ,Financial Services,United States,27229081600,Uptrend: Proximidad a zona,Uptrend: Proximidad a zona,64.08999633789062,59.24529780578613,60.159700973510745,59.70249938964844,0.06132463081537503,5.8,3,POLARIDAD | HVN | POLARIDAD,True,37.20586818367047,43.42223431248631,subiendo_negativo,2,True,41.66666666666667,78.80556,0.22960780937678704,1.55,0.85,0,,,False,,,False,,True,3,True,,2026-10-09T13:27:29.836037,sp500,,58.0,57.0,54.0,uptrend,zone_proximity,zone_proximity,0,,0,0,F,zone_bound,zone_lower_bound,zone_lower_bound
CDW,NMS,Technology,United States,17153015808,Downtrend: Doble piso en formación,Downtrend: Doble piso en formación,139.8800048828125,129.55830674034118,133.83309538978577,131.69570106506347,0.043229262810597274,9.8,6,POLARIDAD | FIB_786 | SMA200D | FIB_618 | AVWAP_52w_high | SMA50W,True,50.266813264627224,51.468566675564546,subiendo_negativo,1,False,63.095238095238095,158.66667,0.13430557950670963,,0.7,0,,,False,,,False,,True,3,True,,2026-10-09T13:27:29.838925,sp500,,127.5,122.5,112.5,downtrend,double_bottom_unconfirmed,double_bottom_unconfirmed|zone_proximity,0,body_reclaim_morning_star,1,0,F,zone_bound,zone_lower_bound,zone_lower_bound
ADSK,NMS,Technology,United States,46181683200,Downtrend: Doble piso en formación + divergencia,Downtrend: Doble piso en formación + divergencia,233.60000610351562,218.9045325012207,222.03046505737305,220.46749877929688,0.04952714359526062,9.0,3,HVN | AVWAP_pivot_low | POLARIDAD,True,58.643715376699085,50.91355251202965,subiendo_positivo,1,False,54.36507936507936,307.54147,0.3165302310125735,1.52778,0.8333333333333334,0,,,False,,,False,,True,3,True,,2026-10-09T13:27:29.761091,nasdaq100|sp500,,215.0,210.0,192.5,downtrend,double_bottom_unconfirmed,double_bottom_unconfirmed|zone_proximity|bullish_divergence,0,,0,0,F,zone_bound,zone_lower_bound,zone_lower_bound
ALAB,NMS,Technology,United States,61452763136,Downtrend: Doble piso en formación,Downtrend: Doble piso en formación,347.04998779296875,321.2115359299274,321.9715854571779,321.59156069355265,0.07226164304247504,8.2,2,AVWAP_earnings | POLARIDAD,True,52.769052536420254,58.21024006742574,bajando_positivo,0,True,38.88888888888889,389.9527,0.12362113158357091,1.80769,0.7307692307692307,0,,,False,,,False,,True,3,True,,2026-10-09T13:27:29.800097,nasdaq100,,315.0,295.0,245.0,downtrend,double_bottom_unconfirmed,double_bottom_unconfirmed|zone_proximity,0,,0,0,F,zone_bound,zone_lower_bound,zone_lower_bound
